input,method1_output,method2_step1_output,method2_step2_output,method2_final_output
パンダに関する話を教えてください。,"パンダは、中国の特別な国宝であり、黒い目の周りに黒い毛、白い体と尾を持つ、世界で最も愛らしい哺乳動物の1つとして知られています。彼らは中国の四川省などの山岳地帯に生息しており、彼らの主食は竹であり、毎日50kg近くの竹を食べることができます。

パンダは、中国の人々の間で長い間愛されており、その象徴的な見た目と優雅な動きは、多くの人々に癒しをもたらしています。現在、パンダは野生種としての生息数が非常に少なく、保護されているため、多くの動物園や野生生態保護区で見ることができます。

また、中国政府はパンダを外交手段としても使用しており、中国が他国と友好関係を持つために、時折他国に贈呈されることがあります。これらのパンダは「外交パンダ」と呼ばれ、世界的に有名になることがあります。例えば、物議を醸した香港の返還に際して、1999年に中国は2頭のパンダを香港に贈呈し、彼らは香港の人々に非常に愛されています。

しかし、パンダの保護が全世界で続いており、彼らは野生での生存に向けて、中国政府や国際的な保護団体の取り組みによって保護されています。
****************English Meaning****************
Pandas are special national treasures in China known as one of the most adorable mammals with black fur around their eyes, white bodies, and tails. They live in mountainous areas of China, such as Sichuan Province, and their main food is bamboo. They can eat nearly 50kg of bamboo every day.

Pandas have long been loved by the Chinese people and their iconic appearance and graceful movements bring comfort to many people. Currently, pandas are protected because their population in the wild is very small, and they can be seen in many zoos and wildlife conservation areas.

The Chinese government also uses pandas as a diplomatic tool, occasionally giving them as gifts to other countries to promote friendly relations. These pandas are called ""diplomatic pandas"" and can become world-famous. For example, when Hong Kong was returned to China, two pandas were given to Hong Kong in 1999, and they are very loved by the people there.

However, panda conservation efforts continue worldwide, and they are protected by the Chinese government and international conservation organizations to ensure their survival in the wild.",Please tell me a story about pandas.,"Long ago, in the lush forests of China, there lived a group of pandas. They were a happy clan, spending their days munching on bamboo, playing in the trees, and napping in the sun. But one day, something strange began to happen. The bamboo they relied on for food started to disappear. No matter how much they searched, they couldn't find enough to eat.

The pandas grew worried. Without their main source of nutrition, they knew they wouldn't survive. They had to find a solution, and fast. So, a small group of brave pandas set out to discover what was happening to their bamboo.

As they wandered deeper into the forest, they found that a group of humans had started to clear the bamboo to make room for their farms and homes. The pandas were heartbroken. This was their home, too, and they didn't want to see it destroyed.

The pandas decided to take action. They spoke with the humans and explained that they couldn't survive without the bamboo. The humans were surprised to learn this. They had never realized how important the bamboo was to the pandas. After hearing their plea, the humans agreed to work together with the pandas to protect the bamboo and find a way to manage the land more sustainably.

From that day on, the pandas and humans worked side by side to preserve the bamboo forests. They planted new bamboo shoots and set up protected areas for the pandas to live in peace. Thanks to their collaboration, the pandas thrived and the forest remained lush and green for generations to come. 

And that is why, to this day, the panda is a symbol of peace and cooperation between humans and nature.","中国の緑豊かな森の中に、かつて大熊猫の一団が住んでいました。彼らは幸せな一団で、毎日竹をかじって、木の上で遊んで、日差しの下で昼寝をして過ごしていました。しかし、ある日、奇妙なことが起こり始めました。彼らの生活の基盤である竹が消え始めたのです。どれだけ探しても、十分な食物を見つけることができませんでした。

大熊猫たちは心配になりました。主な栄養源がなくなれば、彼らは生きていくことができないと知っていました。彼らはすぐに解決策を見つけなければなりませんでした。そこで、勇敢な一群の大熊猫が出発し、彼らの竹林で何が起こったのかを探しに行きました。

彼らが森の奥深くへ進むにつれて、一群の人間が竹を伐採し、自分たちの農地や家を広げるために竹を取り除いていることに気付きました。大熊猫は心を痛めました。これも彼らの家であり、彼らはそれが壊されるのを見ることを望んでいませんでした。

大熊猫は行動を決定しました。彼らは人間と話し、竹がなければ生きていけないことを説明しました。人間たちは驚きました。彼らは竹が大熊猫にとってどれほど重要であるかを決して認識していませんでした。彼らの要求を聞いた後、人間たちは大熊猫と協力して竹を保護し、土地をより持続可能な方法で管理する方法を見つけることに同意しました。

その日から、大熊猫と人間は一緒に竹林を維持するために努力しました。彼らは新たな竹の苗を植え、大熊猫のための保護区を設け、平和な生活を楽しむことができるようにしました。彼らの協力により、大熊猫は繁栄し、森は数世代にわたって緑豊かなままでした。

これが、今日でも熊猫が人間と自然の間"
北欧スタイルの内装装飾プランを提供してください。,"北欧スタイルの内装装飾には、以下のような要素があります。

1. 自然素材の使用：北欧スタイルでは、木材や石、綿などの自然素材が多用されます。特に、白樺の木やパイン、オーク、ビーチ、カエデなど、明るめの色合いの木材が好まれます。

2. 清潔感のあるカラーパレット：北欧スタイルのカラーパレットには、白やグレー、淡いブルー、綿色などが含まれます。これらの色は、空気感や清潔感を感じさせるものであり、スカンジナビアの自然環境に着想を得ています。

3. ミニマリズムなデザイン：北欧スタイルの内装には、シンプルでミニマリストなデザインが多用されます。家具やインテリアとして必要な要素以外は取り除かれ、空間に余白が与えられることで、北欧らしい暖かみと落ち着きのある空間が生み出されます。

4. 繊細なディテール：北欧スタイルは、細部にまで注力することで、暖かみを感じさせるようなデザインが好まれます。例えば、カーテンのテクスチャーや照明器具など、シンプルなデザインでも独自の美しさを持たせるような工夫が施されます。

5. シャビーな雰囲気：北欧スタイルには、シャビーな要素がよく取り入れられます。例えば、ヴィンテージ家具やアンティーク調の照明器具、手作りのクッションや玄関マットなど、手仕事の風合いが感じられるインテリアが人気です。

これらの要素を取り入れた北欧スタイルの内装装飾プランを提供いたします。以下は、リビングルームの例です。

【リビングルームの北欧スタイル内装装飾プラン】

① 白い壁と天井に、明るめの木材でできた床を合わせる。
② グレーのソファに、白いクッションと無地のラグを合わせる。
③ 壁には、北欧の風景画や写真を飾る。
④ シンプルな木製のコーヒーテーブルを配置する。
⑤ 照明器具には、北欧のデザイナーが手掛けたものを選択する。
⑥ 窓には、白いカーテンと繊細なフリンジを付ける。
⑦ さらに、北欧の織物や手作りのクッションなど、独自の美しさを持つインテリアアイテムを配置する。

以上のような北欧スタイルの内装装飾プランを提供いたします。必要に応じて、ご要望や予算に合わせてカスタマイズすることも可能です。
****************English Meaning****************
The following are elements of interior decoration in Nordic style:
1. Use of natural materials: In Nordic style, natural materials such as wood, stone, and cotton are commonly used. Particularly, light-colored woods like birch, pine, oak, beech and maple are preferred.
2. Clean color palette: The Nordic style color palette includes white, grey, light blue, and cotton color. These colors provide an airy and clean feeling, inspired by the natural environment of Scandinavia.
3. Minimalist design: The Nordic style interior frequently employs simple and minimalist design, removing unnecessary elements and giving space for warmth and cozy ambiance.
4. Delicate details: In Nordic style, focus on details is instrumental in creating a warm and appealing design. For instance, curtains' texture and lighting fixtures are used to add beauty to simple designs.
5. A shabby atmosphere: Nordic style often incorporates shabby elements, such as vintage furniture, antique lighting fixtures, handmade cushions, and entrance mats, giving the interior beauty of handicraft.

We offer interior decoration plans with Nordic style elements. Below is an example of a living room plan:
The plan includes:
1. Light-colored wood floors against white walls and ceilings.
2. Grey sofa with white cushions and solid-colored rug.
3. Decorate the walls with Nordic landscapes or photographs.
4. Simple wooden coffee table.
5. Use lighting fixtures designed by Nordic designers.
6. Install white curtains with delicate fringes on the windows.
7. Arrange furniture such as Nordic textiles, handmade cushions, and other appealing items with unique beauty.

We provide interior decoration plans with Nordic style elements such as the one described above, with customized options to suit preference and budget.",Please provide an interior decoration plan in Nordic style.,"Sure, here's a plan for an interior decoration in Nordic style:

1. Use light colored walls - Nordic style homes tend to use light colored walls to create a bright and airy atmosphere. It is recommended to use shades of white or off-white to create a modern and comfortable look.

2. Focus on natural materials - Nordic interior design often includes materials such as wood, linen, and wool to create a warm and cozy atmosphere. You can add a wooden table or chairs or use natural-fiber rugs to add texture to a room.

3. Add cozy textiles - Nordic designs focus heavily on textiles such as blankets, cushions, and curtains to create a warm and inviting atmosphere. Handknitted blankets and woolen cushion covers can be added to create cozy vibes.

4. Bring in natural light - Natural light is greatly appreciated in Nordic style hence they prefer large windows. So avoid heavy drapes and opt for sheer ones that allow light to filter through. Also, adding mirrors in strategic places can reflect light and make the space look brighter.

5. Use statement pieces - Nordic style interiors is known for their clean lines and minimalistic charm. You can choose statement pieces like copper pendants or an accent wall with wallpaper prints to add character to your room.

Some elements that can be used to add a Nordic flair:

- A white or light-colored sofa
- Wooden coffee tables
- Fluffy woolen throws
- A sheepskin rug
- Simple and clean-lined furniture
- Plants, especially ferns and greenery can bring a natural ambiance to space.
- A mix of patterns and textures like bold geometric pattern pillows or textured wicker baskets.

I hope you find this plan helpful. Enjoy creating your Nordic-inspired space!","確かに、ノルディックスタイルのインテリアデザインについての計画を提供します：

1.明るい色の壁を使う - ノルディックスタイルの家は明るくて風通しの良い雰囲気を作るために明るい色の壁を使うことがあります。モダンで快適な雰囲気を作るために白やオフホワイトの色合いを使用することをお勧めします。

2.自然素材に重点を置く - ノルディックスタイルのインテリアデザインには木材、リネン、ウールなどの素材が使われ、暖かく居心地の良い雰囲気を作り出しています。木製のテーブルや椅子を追加するか、天然素材のラグを使って部屋に質感を追加することができます。

3.居心地の良いテキスタイルを追加する - ノルディックデザインは毛布、クッション、カーテンなどのテキスタイルに重点を置いて、暖かく招待的な雰囲気を作り出します。手編みの毛布やウールのクッションカバーを追加して、居心地の良い雰囲気を作ることができます。

4.自然光を取り入れる - ノルディックスタイルでは自然光が非常に重要視されており、大きな窓を好みます。したがって、重いカーテンは避け、薄いものを選ぶことで光をフィルタリングさせます。また、戦略的な場所に鏡を追加することで光を反射させ、スペースを明るく見せることができます。

5.ステートメントピースを使う - ノルディックスタイルのインテリアはスッキリとしたラインとミニマリスト的な魅力があります。銅のペンダントや壁紙プリントをアクセントとして使うなど、個性を加えるステートメントピースを選ぶことができます。

ノルディックテイストを加えるためのいくつかの要素：

-白または明るい色のソファ
-木製のコーヒーテーブル
-フカフカのウール製スロー
-シープスキンのラグ
-シンプルで清潔な家具
-植物、特にシダや緑茶は自然な雰囲気を空間にもたらすことができます。
-大胆な幾何学的な模様の枕や質感のあるウィッカーバスケットのようなパターンとテクスチャーのミックス。

このプランが役立つことを願っています。ノルディックテイストの空間作りをお楽しみください！"
Pythonを使用して、サポートベクターマシンアルゴリズムを実装してください。,"ここでは、Pythonのscikit-learnライブラリを使用して、サポートベクターマシン（SVM）アルゴリズムを実装します。

まず、必要なライブラリをインポートします。

```python
from sklearn import datasets
from sklearn.model_selection import train_test_split
from sklearn.svm import SVC
from sklearn.metrics import accuracy_score
```

次に、Irisデータセットを読み込み、特徴量と目的変数を取得します。

```python
# データセット読み込み
iris = datasets.load_iris()

# 特徴量データ取得
X = iris.data

# 目的変数データ取得
y = iris.target
```

データを訓練用とテスト用に分割します。

```python
# データを訓練用とテスト用に分割
X_train, X_test, y_train, y_test = train_test_split(X, y, test_size=0.3, random_state=1)
```

SVMモデルを作成し、訓練用データでモデルを学習させます。

```python
# SVMモデルの作成
svm_model = SVC(kernel='linear')

# 訓練用データでモデルを学習
svm_model.fit(X_train, y_train)
```

モデルをテスト用データに適用し、正解率を計算します。

```python
# テスト用データに対して予測
y_pred = svm_model.predict(X_test)

# 正解率を計算
accuracy = accuracy_score(y_test, y_pred)

print('Accuracy: %.2f' % accuracy)
```

以上のステップを組み合わせると、SVMアルゴリズムを実装することができます。全体のコードは以下のようになります。

```python
# 必要なライブラリをインポート
from sklearn import datasets
from sklearn.model_selection import train_test_split
from sklearn.svm import SVC
from sklearn.metrics import accuracy_score

# データセット読み込み
iris = datasets.load_iris()

# 特徴量データ取得
X = iris.data

# 目的変数データ取得
y = iris.target

# データを訓練用とテスト用に分割
X_train, X_test, y_train, y_test = train_test_split(X, y, test_size=0.3, random_state=1)

# SVMモデルの作成
svm_model = SVC(kernel='linear')

# 訓練用データでモデルを学習
svm_model.fit(X_train, y_train)

# テスト用データに対して予測
y_pred = svm_model.predict(X_test)

# 正解率を計算
accuracy = accuracy_score(y_test, y_pred)

print('Accuracy: %.2f' % accuracy)
```
****************English Meaning****************
Here, we will use the scikit-learn library in Python to implement the Support Vector Machine (SVM) algorithm.

First, we import the necessary libraries.

```python
from sklearn import datasets
from sklearn.model_selection import train_test_split
from sklearn.svm import SVC
from sklearn.metrics import accuracy_score
```

Next, we load the Iris dataset and obtain the feature and target variables.

```python
# load the dataset
iris = datasets.load_iris()

# load the feature data
X = iris.data

# load the target data
y = iris.target
```

We then split the data into training and testing sets.

```python
# split data into training and testing sets
X_train, X_test, y_train, y_test = train_test_split(X, y, test_size=0.3, random_state=1)
```

We create an SVM model and train it on the training data.

```python
# create an SVM model
svm_model = SVC(kernel='linear')

# train the model on the training data
svm_model.fit(X_train, y_train)
```

We apply the model to the testing data and calculate the accuracy score.

```python
# make predictions on the testing data
y_pred = svm_model.predict(X_test)

# calculate the accuracy score
accuracy = accuracy_score(y_test, y_pred)

print('Accuracy: %.2f' % accuracy)
```

Combining all these steps, we can implement the SVM algorithm. The entire code looks like this:

```python
# import the necessary libraries
from sklearn import datasets
from sklearn.model_selection import train_test_split
from sklearn.svm import SVC
from sklearn.metrics import accuracy_score

# load the dataset
iris = datasets.load_iris()

# load the feature data
X = iris.data

# load the target data
y = iris.target

# split data into training and testing sets
X_train, X_test, y_train, y_test = train_test_split(X, y, test_size=0.3, random_state=1)

# create an SVM model
svm_model = SVC(kernel='linear')

# train the model on the training data
svm_model.fit(X_train, y_train)

# make predictions on the testing data
y_pred = svm_model.predict(X_test)

# calculate the accuracy score
accuracy = accuracy_score(y_test, y_pred)

print('Accuracy: %.2f' % accuracy)
```",Please implement the Support Vector Machine algorithm using Python.,"Sure, here's an implementation of Support Vector Machine algorithm using Python:

```
import numpy as np
from sklearn import svm

#Example data
X = np.array([[2, 0], [1, 1], [2, 3], [0, 2], [3, 3], [1, 2]])
Y = np.array([0, 0, 0, 1, 1, 1])

#Create SVM classifier object
clf = svm.SVC(kernel='linear')

#Train the classifier
clf.fit(X, Y)

#Predict the class labels for the test data
test_data = np.array([[1, 1], [4, 3]])
predicted_labels = clf.predict(test_data)

#Print the predicted class labels
print(predicted_labels)
```

In this example, we create a SVM classifier object using the `svm.SVC` function from scikit-learn. We specify the kernel type as 'linear' and fit the classifier to the training data. We then use the classifier to predict the class labels for some test data.

Note that in practice, you would typically use a larger and more representative dataset for training the classifier.","はい、Pythonを使ったSupport Vector Machineアルゴリズムの実装例です：

```
import numpy as np
from sklearn import svm

#例として、データを用意します
X = np.array([[2, 0], [1, 1], [2, 3], [0, 2], [3, 3], [1, 2]])
Y = np.array([0, 0, 0, 1, 1, 1])

#SVMの分類器オブジェクトを作成します
clf = svm.SVC(kernel='linear')

#分類器をトレーニングデータで学習させます
clf.fit(X, Y)

#テストデータのクラスラベルを予測します
test_data = np.array([[1, 1], [4, 3]])
predicted_labels = clf.predict(test_data)

#予測されたクラスラベルを出力します
print(predicted_labels)
```

この例では、Scikit-learnの`svm.SVC`関数を使用してSVMの分類器オブジェクトを作成します。カーネルのタイプを'linear'に指定して、分類器をトレーニングデータに適合させます。その後、分類器を使用して、一部のテストデータのクラスラベルを予測します。

実際のプラクティスでは、通常、より大きく代表的なデータセットを使用して分類器をトレーニングすることが多いです。"
"以下の内容に基づいてタイトルを生成してください：CBAプレーオフで「ネガティブプレイ」を行った2つのチームとコーチに懲罰

4月17日、中国バスケットボール協会はメディアブリーフィングを開催し、上海巨石龍ライオンズと蘇州科納社バスケットボールチームに対する懲罰を発表しました。これらのチームは、CBAプレーオフの2つの重要な試合で「ネガティブプレイ」を行ったため、制裁を受けました。その結果、CBAは2つのチームのランキングと今シーズンの参加を取り消し、リーグの資金を500万元削減しました。また、各チームのヘッドコーチである上海巨石龍の李春江と蘇州科納社の李楠は、5年と3年のコーチライセンスを失いました。科納社のゼネラルマネージャーである史林杰と巨石龍のゼネラルマネージャーである姜雨生も、それぞれ5年と3年の停職処分を受けました。元のスケジュール通り、今シーズンのCBAプレーオフ第2ラウンドはその夜に始まる予定でしたが、出場禁止のため、深センマルコポーロは自動的に準々決勝に進みました。CBAのCEOである張雄は、ペナルティはリーグの規律に従っており、違反の程度と認識に基づいて決定されたと説明しました。CBAの会長である姚明は、スポーツにおける誠実さの重要性を強調し、この出来事を通じてリーグがより良い方向に変化し、より価値ある結果が生まれることを望んでいると述べました。","「ネガティブプレイ」でCBAプレーオフを台無しにした2つのチームとコーチに懲罰
****************English Meaning****************
Punishments for two teams and coaches who ruined the CBA playoffs with ""negative play"".","Based on the following content, please generate a title: Two teams and coaches punished for ""negative play"" in CBA playoffs

On April 17th, the Chinese Basketball Association held a media briefing and announced penalties for the Shanghai Jiushi Lions and Suzhou Kebao Basketball Team. These teams were penalized for ""negative play"" in two important games of the CBA playoffs. As a result, the CBA cancelled the ranking and participation of the two teams this season, and reduced the league's funding by 5 million yuan. Additionally, the head coaches of each team, Li Chunjiang of Shanghai Jiushi Lions and Li Nan of Suzhou Kebao, lost their coaching licenses for five and three years respectively. The general managers of Kebao, Shi Linjie, and Jiushi, Jiang Yusheng, also received suspensions of five and three years respectively. As originally scheduled, the second round of this season's CBA playoffs was set to start that night, but due to their disqualification, the Shenzhen Marco Polo automatically advanced to the quarterfinals. Zhang Xiong, CEO of CBA, explained that the penalty was in accordance with the league's discipline and was determined based on the degree of violation. Yao Ming, the chairman of CBA, emphasized the importance of honesty in sports and expressed his hope that the league will change for the better and produce more valuable results through this incident.","CBA Punishes Two Teams and Coaches for ""Negative Play"" in Playoffs",CBAがプレーオフで「否定的なプレー」をした2つのチームとコーチにペナルティを課す
