input,method1_output,method2_step1_output,method2_step2_output,method2_final_output
ప్లీజ్ పాండాల గురించి ఒక కథ చెప్పండి.,"పండాలు గోపురాలతో కూడిన ఒక హిందూ దేవాలయంలో ఉంటాయి. ఒక సార్వజనిక ఉత్సవానికి, కొత్త పండాలు పెరగాలంటే, దేవాలయ రక్షణకర్తలు ప్రతి రాత్రికి పండాలు స్థాపించాలి.

కొద్ది సమయం కావాలనేది ఉంది. కాకించితం దూరంలో ఉన్న పిల్లిల్లు అందరూ పండాలు స్థాపించుకోవటం ప్రకటం చేస్తున్నారు. దేవాలయ రక్షణకర్తలు ఇంకొకటి దృక్కరించకండి, అవినీతితో పిల్లిల్లు పండాలు స్నేహితులు నయం చేసుకోవడంలో ఉన్నాయి.

దేవాలయ రక్షణకర్తలు పిల్లిల్లు పండాలు నయం చేసుకోడం కొరకు ఈ ఒకటి ప్రయత్నం చేసింది - ప్లీజ్ పండాలు ప్రతిరోజు నాకు అదృష్టం లేకుండా నయం చేయాలని గుర్తించారు. ఇప్పుడు క్రిస్మస్ సీజన్ ముగింపుకు వచ్చింది మరియు ఉత్సవం ఇంకా కొనసాగుతుంది, కాకించితం ఇంకా పిల్లిల్లు అందరూ పండాలు స్థాపించింది!
****************English Meaning****************
There is a Hindu temple with decorated towers. For a public festival, if new pandals need to be set up, the temple protectors should install pandals every night.

Some time is needed. Little children who are far away are showing signs that they too want to set up pandals. The temple guardians must look again before installing pandals and allow children to make new friends without prejudice.

In an effort to get the temple guardians to allow children to set up new pandals please note that every day pandals need to be installed. It is now the end of the Christmas season and the celebration is still going on, with some children still setting up pandals!",Please tell me a story about Pandavas.,"The Pandavas were five brothers who were considered to be the bravest and strongest warriors in the kingdom of Hastinapur. They were known for their prowess in battle and their unwavering loyalty to their family and country.

The Pandavas had a long and tumultuous history filled with struggles and battles. One of their most memorable adventures was their journey to the kingdom of Panchala to attend the swayamvara, or a marriage ceremony, of Draupadi.

During the ceremony, a competition was held to determine who would win Draupadi's hand in marriage. The competition involved shooting an arrow through a rotating wheel adorned with the eye of a fish. None of the suitors were able to complete the task except for Arjuna, the Pandava prince and skilled archer.

As Arjuna was about to be declared the winner, one of the suitors protested and insulted the Pandavas, calling them low-born and unworthy of Draupadi. The Pandavas responded by challenging the suitor to a duel, which they won effortlessly.

Draupadi then married all five Pandava brothers, as per the instructions of their mother who had mistakenly believed that the prize for the competition was a single marriage rather than Draupadi's hand for a single suitor. They returned to the kingdom of Hastinapur with their new wife, much to the chagrin of their jealous cousins, the Kauravas.

The Pandavas faced many challenges and battles, including a war against the Kauravas for the control of their kingdom. With the help of Lord Krishna, they emerged victorious in the battle of Kurukshetra and established a just and fair rule over the kingdom.

The story of the Pandavas is one of courage, loyalty, and determination. Their unwavering dedication to righteousness and justice continues to inspire generations even today.","పాండవులు హస్తినాపుర్ రాజ్యంలో శ్రేష్టతమ మరియు బలిష్ఠ యోధులను కనబడిన ఐదు సోదరులు. వారు కళ్లెదురి నలుగురు మరియు చరిత్రపు సంఘర్షాలతో కూడిన పట్టాభిషేకం కంటె తెలిసిన వంటి పోట్ల పై గౌరవం కలిగింది. వీరు యుద్ధంలో తమ పరివారానికి లోయల్టీ మరియు దేశాన్ని తడిసిన విద్యావంతులు.

పాండవులకు యుద్ధాలు మరియు సంఘర్షాలతో నలుగురు మరియు మొలకలు ఉంది. వారి అత్యుత్సాహ పెరిగింది మరియు అవిచల విశ్వాసముతో తమ పరివారాతో తమ దేశంలో కలిసిన న్యాయాధికార పెట్టినారు.

పాండవుల ఒక జర్నీ తరువాత డ్రౌపది కోమనం కోసం పంచాల రాజ్యంకు వెళ్ళారు. కోమనంలో డ్రౌపది వివాహ కార్యక్రమం జరుగుతుంది. డ్రౌపదిని పెరుగుదల కోసం ఒక ముఖ్య విజయ పోటీలో అడ్డుకాట్లు జరుపుకుందారు. మేములు పాండవులు డ్ర౗పది కోసం ప్రయత్నించిన వారిలో ఒక్కడు అంటే మెరుగుపరిగెత్తాడు మరియు అర్జునుడు అద్భుతమైన తీర్పు ఇచ్చింది. అర్జునుడు విజయవంతంగా సంజ్ఞానం చేసాడు, కానీ ఇతర బయలు చేపటి పాండవులను నిందించారు.

ఈ స్థితిలో వారు లడకంగా పాండవులను చెందిన వారు చాలా సులువుగా గెలుపుకున్నారు. డ్రౌపది తమ అమ్మతో ఆదేశాలు పాటించి పంచవ్యూహం సృష్టించారు. పాండవులు తమ కూటమిత్రాలను సహాయం తో జల్దిగా యుద్ధం జరుగుకొని, కురుక్షేత్రం యుద్ధంలో విజయం సాధించారు. మరొక ధర్మ నీతిని  స్థాపించారు.

పాండవుల కథ ధీరత, లోయల్టీ, నిర్ధారం మరియు న్యాయ ప్రతి నిర్ణయ కొరకు అలాంటి సక్రమ వ్యక్తిత్వాల మూలక ప్రజలకు ప్రభావం చేసినది. వార ధర్మని మరియు న్యాయాన్ని మెరుగుపరిచిన చిక్కుపాపుల పైన, మరిన్ని వందల ప్రాముఖ్యతను పొంది మరియు సేకరించడానికి మార్గపథంను చూపినది."
దయచేసి నార్డిక్ శైలిలో ఒక ఇంటీరియర్ డెకరేషన్ స్కీం అందించండి.,"ఇన్టీరియర్ డెకరేషన్ ఆసక్తులకు ఒక నర్తకి శైలిలో ఉండాలి. ఆ శైలిలో ఉండే సాధారణ ఫీచర్స్ లో కేంద్రీకృతంగా ఉన్నాయి. కేంద్రీకృతంగా పొద్దున్నవి శాఖలు, పురాతన వస్తువులు మరియు కెమికల్ ఫ్రీ ప్రాక్టిక్స్ ఉండాలి. ఈ శైలిలో వెనిశన్ కంటోర్ మేరకు పాటిస్తుంది.

-ప్రకృతిశీలం: ఇది పంపే ఉత్తమ తరహా సమంతులో, కొమ్మికెత్తే మరియు తోపులు పొందుతూ ఉంటుంది.

-నల్లచిక్కు: ఈ శైలిలో నల్లు మరియు చిక్కుకు పెద్దగా వాటిని కలిగిస్తూ, సమంత సౌందర్యానికి సహాయం చేస్తుంది.

-ఫోకస్ అరంభం: ఈ శైలిలో ఫోకస్ సమంత కొన్ని వస్తువులపై ఉండేంటిరువాటిని ప్రదర్శిస్తుంది. ఫోకస్ను కేంద్రీకృతం చేయడానికి, కొన్ని పెద్ద పదార్థాలు సిబ్బందిస్తాయి.

-నల్లం మరియు బ్రేక్: ఈ శైలిలో చర్మంలో నల్లం మరియు బ్రేక్ ఉంటుంది. వివిధ రంగులతో పడికొనుటకు ఇవ్వబడిన నల్లం సౌందర్యం తక్షణ పెంపకమైన భవిష్యతులో తిరుగుతుంది.

సీంగ్ వర్మా,
AI సహాయకుడు.
****************English Meaning****************
Interior decoration should be in a dancer style for enthusiasts. The style has centralized common features. The centralized features should include branches, ancient artifacts, and chemical-free practices. This style is also used by Venetian Counter. 

-Nature-friendly: It is best suited for a balanced, environmentally friendly and receives light and shadows.

-Black and white: In this style, black and white are used to emphasize their indentation and help the beauty of harmony.

-Focus start: This style focuses on certain objects. To centralize the focus, some large objects are connected.

-Black and break: The skin in this style is black and has a break. The black beauty immediately becomes a bright future with various colors to choose from.

Seenga Varma,
AI assistant.",Please provide an Interior Decoration Scheme in my Nordic style.,"Sure, here's an interior decoration scheme in Nordic style:

Color scheme:
- Use a neutral color palette of white, grey, beige and black as the base colors.
- Add pops of muted pastels like light blue, dusty pink and soft green.

Furniture:
- Choose light-colored wooden furniture with clean lines and simple designs.
- Add a comfortable sofa in a neutral tone or muted pastel.
- Use a wooden coffee table with a simple design.
- Incorporate woven textures such as a jute or wool rug, and woven baskets for storage.

Decor:
- Use plenty of natural materials such as wool, linen, and cotton. Add texture with a chunky knit throw or linen cushion covers.
- Add touches of greenery in the form of plants in pots or hanging planters.
- Incorporate simple lighting fixtures with a minimalist design, such as a wooden pendant light or a metal floor lamp.
- Display artwork or photography with a simple frame and minimalist design.

Overall, the Nordic style is all about creating a clean and simple look with natural materials and muted colors. Keep it light and airy with plenty of neutral colors and light-colored wood furniture, and bring in texture with natural fabrics and woven accents.","ఖచ్చితంగా, ఇది నోర్డిక్ శైలిలో ఒక ఇంటీరియర్ డెకొరేషన్ స్కీమ్ ఉంది:

రంగు శైలి:
- అధరిత రంగులకు వెనుకబడి లేదా కళ్ళు, రేగు మరియు బ్లాక్ లాంటి నిఖర రంగులు ఉపయోగించండి.
- చలింపిగా గోధుమ నీలం, ధూళీపు పింక్ మరియు మృదు ఆకుపచ్చ వంటి చలితమైన రంగుల నుండి పాప్స్ కలుపులు జోడించండి.

ఫర్నిచర్:
- కొద్దిసేపు కలుపు లేదా పింక్ వంటి ఒక చలితమైన కంపోటానికి కంటి రంగు వాడుతుంది అందువల్ల ప్రకృతిగా కనీసం పనిచేయబడిన చలితమైనగా ప్రారంభించే కథన ఫర్నిచర్ వింటే నమ్మకం వస్తుంది.
- సింపుల్ డిజైన్ తో కలుపు కొద్దిసేపు పట్టుదల చేసే కలుపు విన్ని ఖచ్చితంగా వాడుతుంది.
-ఉపయోగించి ఉణుకిన బేస్ ఉట్టి, కొద్దిసేపు జూట్ లేదా వూల్ రగ్ లాంటివాడేంటి, స్టోరేజ్ కొరకు వూవెన్ బాస్కెట్లలో వర్తించండి.

డెకొర్:
- లోను, లినన్ మరియు కాటన్ వంటి ప్రాకృతిక మెటీరియల్లను పదవీలుగా ఉపయోగించండి. దానిలో చెడ్డి కోటిన థ్రో లేదా లినన్ కషాయం కవర్ కవర్లనుండి టెక్స్చర్ జోడించండి.
- పాటిక పూలు లేదా హ్యాంగింగ్ ప్లాంటర్లు వంటి హరితమైన వస్తువులు జోడించండి.
- మినిమలిస్ట్ డిజైన్ ఉంటే వాటి వేదికలు ఉపయోగించండిగా సంపూర్ణంగా సాధారణంగా కలిగి ఉండడం మరియు మీన డిజైన్ తో నాటురల్ మేటీరియల్స్ మరియు హ్యాంగింగ్ ఎలక్ట్స్ తో టెక్స్చర్ను తీసుకోండి. 

సంపూర్ణంగా, నోర్డిక్ స్టైల్ ప్రాకృతిక మెటీరియల్స్ మరియు స్మూత్ అలవుగా ఉన్న రంగుల తో అందుబాటులో వంటి చలితమైన కనీసం ప్రకృతిగా ఉండాలి. పలుకు రంగులు మరియు లైట్ కలర్ వున్న వస్తువులలో తీవ్ర టెక్స్చర్ చేసి తేనెల రంగులు లేదా ఎలాంటి ప్రకృతిక మేటీరియల్స్ లాంటి బోడీ-యైర్ వాస్తవ్యాలు తీయాలి. ప్రాంతీయత పెరిగిన వున్న మీటి వస్తువులను ప్రస్తుతం కనిపిస్తుంది మరియు సంపూర్ణంగా న్యూట్రల్ రంగులు మరియు లైట్ కలర్ వెడల్పులను ఉపయోగించి బాగా కనిపిస్తుంది మరియు వేడి కలర్ వస్తువులు మరియు ప్రస్తుతం ఆన్లైట్ ఉన్న మెటల్ ఆకార లేదా చూపించవచ్చు."
పైథాన్ ఉపయోగించి ఒక మద్దతు వెక్టర్ మెషీన్ ఆల్గరితం నిర్వహించండి.,"పైథాన్ ఉపయోగించి వెక్టర్ మెషీన్ మోడల్ నిర్మించవచ్చు. ఈ మోడల్నిర్వహించడానికి, ముందుకి వెక్టర్ డేటా నుండి మెష్ పేరిట్ చేయాలి. దాన్ని తరలించడానికి, ఫీచర్ సెట్ ను బిట్టుగా పరిగ్రహించి, డేటాను ట్రైన్ మరియు టెస్ట్ సెట్‌లు పంచుకోవాలి. టెస్ట్ సెట్ విధానంలో ఆల్బర్ట్ మోడల్ నుండి యూజ్ చేస్తూ అందించబడిన డేటాలను తరలించుకోండి. 

వెక్టర్ మెషీన్ మోడల్ యొక్క సామాన్య క్రమంలో, మొత్తం డేటా నుండి ఫీచర్ సెట్‌ను బిట్టుగా తరలుతుంది. ఇది ఉపయోగించి, ఫీచర్ ఇన్పుట్‌ల ఉత్తమంగా సమాధానం అందించడానికి తరలించుకోవాలి. ఇది లైనియర్ మోడెల్ ఒక ప్రకారం అయితే, తరలించిన ఫీచర్ల గుర్తించి సమాధానం అందించాలి. 

వెక్టర్ మెషీన్ మోడల్ యొక్క సామాన్య క్రమంలో, ఫీచర్ సెట్ తరలించిన తరలించిన ట్రైనింగ్ డేటాపై నిర్ధారిస్తుంది. వెక్టర్ మెషీన్ మోడల్ నిర్వహించండి మరియు టెస్ట్ సెట్‌కు తరలించిన డేటాపై సమాధానం నిర్ణయిస్తుంది.
****************English Meaning****************
Vector machine model can be built using Python. To execute this model, the mesh must be permutated from vector data. To do this, feature sets must be obtained by processing the data through training and testing sets. The data used for the test set comes from the Albert model. 

In the general procedure for the vector machine model, the feature set is obtained by permutating the entire data. This is used to provide the best solution for feature input. In the case of a linear model, a solution must be provided by identifying the feature goals. 

In the general procedure for the vector machine model, the training data is determined by the permutated feature set. Vector machine model is executed and provides a solution on data that has been permutated from the feature set used in the training data.",Use Python to perform an algorithm for a support vector machine.,"As an AI language model, I can provide you with the basic code for implementing a Support Vector Machine (SVM) algorithm in Python:

1. Import the necessary libraries: NumPy, Pandas, and Scikit-learn.

2. Load the dataset using Pandas and preprocess the data by splitting it into training and testing sets.

3. Define the SVM algorithm with Scikit-learn's SVM module.

4. Train the SVM model using the training data.

5. Test the trained SVM model using the testing set.

6. Evaluate the performance of the SVM algorithm by calculating accuracy, precision, recall, and F1 score.

Here is the basic code for implementing SVM algorithm in Python:

```
import numpy as np
import pandas as pd
from sklearn.model_selection import train_test_split
from sklearn.svm import SVC

# Load dataset
data = pd.read_csv('dataset.csv')

# Preprocess the data
X = data.iloc[:, :-1].values
y = data.iloc[:, -1].values
X_train, X_test, y_train, y_test = train_test_split(X, y, test_size=0.2, random_state=0)

# Define SVM algorithm
svm = SVC(kernel='linear')

# Train the SVM model
svm.fit(X_train, y_train)

# Test the SVM model
y_pred = svm.predict(X_test)

# Evaluate the performance of the SVM algorithm
from sklearn.metrics import accuracy_score, precision_score, recall_score, f1_score

accuracy = accuracy_score(y_test, y_pred)
precision = precision_score(y_test, y_pred)
recall = recall_score(y_test, y_pred)
f1 = f1_score(y_test, y_pred)

print('Accuracy: {:.2f}'.format(accuracy))
print('Precision: {:.2f}'.format(precision))
print('Recall: {:.2f}'.format(recall))
print('F1 score: {:.2f}'.format(f1))
```","ఒక AI భాషా మోడల్ కాని, నేను పైథాన్లో ఒక పోర్ట్ వేక్టర్ మెషిన్ (SVM) ఆల్గారితం ప్రారంభించడానికి బేసిక కోడ్ అందిస్తున్నాను:

1. అవసరమైన లైబ్రరీలు - NumPy, Pandas, మరియు Scikit-learnను ఇంపోర్ట్ చేయండి.

2. Pandasని ఉపయోగించి డేటాసెట్ లోడ్ చేయండి మరియు డాటాను ట్రైనింగ్ మరియు టెస్టింగ్ సెట్స్ లో విభజించుకోవడానికి పూర్వీకరణ చేయండి.

3. Scikit-learn's SVM మోడ్యూల్ తో SVM ఆల్గారితం నిర్వచించండి.

4. ట్రైనింగ్ డేటాను ఉపయోగించి SVM మోడల్ ఎడ్యుకేట్ చేయండి.

5. టెస్టింగ్ సెట్స్ ఉపయోగించి ట్రైన్ చేయబడిన SVM మోడల్ని టెస్ట్ చేయండి.

6. SVM ఆల్గారితం యొక్క ప్రదర్శనను గమనించడానికి అనుకూలంగా, డాక్యూరసీ, ప్రెషన్, రికాల్ మరియు F1 స్కోరును కనిపించి అంచనా చేయండి.

Pythonలో SVM ఆల్గారితాన్ని అమలు చేయడానికి బేసిక కోడ్:

```
import numpy as np
import pandas as pd
from sklearn.model_selection import train_test_split
from sklearn.svm import SVC

# డేటాసెట్ లోడ్ చేయండి
data = pd.read_csv('dataset.csv')

# డేటాను పూర్వీకరణ చేయండి
X = data.iloc[:, :-1].values
y = data.iloc[:, -1].values
X_train, X_test, y_train, y_test = train_test_split(X, y, test_size=0.2, random_state=0)

# SVM ఆల్గారితం నిర్వచించండి
svm = SVC(kernel='linear')

# SVM మోడల్ ట్రైన్ చేయండి
svm.fit(X_train, y_train)

# SVM మోడల్ టెస్ట్ చేయండి
y_pred = svm.predict(X_test)

# SVM ఆల్గారితం ప్రదర్శనను మూల్యాంకనం చేయండి
from sklearn.metrics import accuracy_score, precision_score, recall_score, f1_score

accuracy = accuracy_score(y_test, y_pred)
precision = precision_score(y_test, y_pred)
recall = recall_score(y_test, y_pred)
f1 = f1_score(y_test, y_pred)

print('Accuracy: {:.2f}'.format(accuracy))
print('Precision: {:.2f}'.format(precision))
print('Recall: {:.2f}'.format(recall))
print('F1 score: {:.2f}'.format(f1))
```"
"కృషి ఆడిని కట్టినకు ప్రకటించిన ప్రకరణాయిక ప్రకటన: పతనదారి ప్రక్రియ లో ఇద్దరు టీమ్స్ మరియు కోచ్లకు సంబంధించిన ""నెగటివ్ ప్లే"" కర్తనం సమారోపించి సీబిఏ పన్నులు ప్రకటించినవి. ఏప్రిల్ 17న, చైనీస్ బాస్కెట్ బాల్ అసోసియేషన్ మీడియా సమ్మేళనం నిర్వహించారు, అందరికీ ఈ సమాచారాన్ని ప్రకటించారు. ఈ టీమ్స్ సీబిఏ ప్లేఆఫ్త్లో రాబోయే రెండు ప్రధమ గేమ్స్ లో తలపోటు అటక్కు చేసినవి కారణంగా, మీరు సంతోషపడవలెను, సీబిఏ వ్యవస్థల ప్రకటనలో ప్రతిబద్ధతను పాటిస్తుంది. ఫలితంగా, సీబిఏ ర్యాంకింగ్స్ మరియు ఈ సీసన్ పాలిటెక్నిక్స్ పాయాలను రద్దు చేసింది మరియు వారి లీగ్ ఫండింగ్ను 5 మిలియన్ యువకాలుగ తగ్గించింది. సంబంధిత టీమ్ల కోచ్లను కూల్చడం కూడా చెయ్యబడింది. శాంఘై జూషిలాంగ్ మరియు సుజో కేనిట్క్స్ తల్లిదండ్రులు లి చున్‌జియాంగ్ మరియు లి నాన్‌కు పంక్తి మొదటి 5 సంవత్సరాల కోరుకుంటారు, షిలింజియే కేనిటెక్స్ జనరల్ మేనేజర్ మరియు జూషిలాంగ్ జనరల్ మేనేజర్ పంక్తి మొదటి 5 సంవత్సరాల సూస్పెంషన్ పొందారు. ముందుగా, ఈ సీసన్‌లో సీబిఏ ప్లేఆఫ్త్‌ల రెండవ రౌండ్‌ ఈ సాయంత్రం విజ్ఞాపించబడింది, షెంజన్ మార్కో పోలో మరియు షాంఘై జూషిలాంగ్ మధ్య మిరుపడి ఎదురు తోట జరుగుతుంది. సీబిఏ సీయో జాంగ్ సఖ్య, పక్షంలో వ్యాపార విలాసాల సంస్థ నుంచి ""విలోచన వేదికల విస్తారం"" ను హెచ్చరికలుగా పలుకుందారు. సీబిఏ ఛైర్మన్ యావో మింగ్ కూడా పక్షంలో విలోచనాత్మక వికాసానికి మహత్వం ఇవ్వండినందున అందరికీ విషాదం వ్యక్తం చేసారు.యో మింగ్, సీబిఏ ఛైర్మన్, కౌశలం ఓ కళకు వ్యాస్తుల పై హెచ్చరికను మరియు ఫోకస్ పై ప్రభావ పెంచడంలో సీబిఏ లీగు మరియు తన వ్యవస్థ మారని ఆశిస్తూ ఉండాలని ఆశించారు.","Translation:

An announcement was made after the raids by the Agriculture Department, stating that two teams and coaches were caught in the act of ""negative play,"" and the CBA announced this news to everyone during the Chinese basketball media conference on April 17. Due to their involvement in obstructing the game during the playoff matches of the CBA, two teams have been implicated, and I cannot express my happiness at the responsibility expressed in the CBA's statement. As a result, the CBA has canceled its rankings and funding for this season's playoffs, leading to the suspension of the coaches of several teams for the first five years, including Li Chunjiang and Li Nan. First five years. In the future, the CBA will announce the second round of the playoff matches, which will feature the Shenzhen Marcus Polo and the Shanghai Jingjielong teams facing each other on the court. CBA Secretary-General Yao Kang also issued a warning to the business community not to expand their ideas. CBA Chairman Yao Ming also expressed his condolences to everyone, emphasizing the importance of visionary development and focusing on positive influence. The CBA league and its system must change for the better, and we must hope for this to happen.
****************English Meaning****************
After Agriculture Department raids, it was announced that two teams and coaches were found to be involved in ""negative play."" The CBA announced this news during the Chinese basketball media conference on April 17. Due to the teams obstructing play during the playoff matches, they have been implicated. I am pleased with the responsibility expressed in the CBA's statement. As a result, the CBA has cancelled rankings and funding for this season's playoffs and suspended the coaches of several teams including Li Chunjiang and Li Nan for five years. The Shenzhen Marcus Polo and the Shanghai Jingjielong teams will face each other in the second round of the playoffs. The CBA Secretary-General, Yao Kang, warned the business community not to expand their ideas. CBA Chairman Yao Ming expressed condolences and stressed the importance of visionary development and focusing on positive influence. The CBA league and its system must change for the better, and this must be hoped for.","Case study announcement made after arresting the farmer: The CBIA released a statement confirming the ""negative play"" actor involved in the corruption process that affected both teams and coaches. On April 17, the Chinese Basketball Association held a media conference and announced the news to everyone. These actions were taken because two leading players were found to have intentionally lost the first two games of the playoffs, as confirmed in the CBIA statement. As a result, CBIA has suspended their rankings and funding for the league by 5 million yuan. Related team coaches have also been suspended. Shanghai Jujilang, Sujo Kenit Ks's mother-in-law, and Li Chunjiang have been charged with the first five-year suspension, while Shi Linjing and the general manager of Kennedy Tech received the first five-year suspension. In addition, the CBIA announced tonight that the second round of the playoffs will be played at Shenzhen Mar Ko Polo and Shanghai Jujilang on the opposite side of the fence. CBIA CEO Zhang Sakyuwarns the company's trade partners that the expansion of the ""viewpoint platform"" will begin. Yauvo Ming, CBIA chairman, expressed his condolences to everyone for the importance of constructive development in the field of skill and focus.","It has come to our attention that a farmer has been arrested in connection with the recent corruption scandal that has affected the Chinese Basketball Association. While we cannot comment on the specifics of this individual's involvement, we want to make it clear that the CBIA is committed to rooting out any and all corruption in our league.

As announced in our statement on April 17, we have already taken significant steps to address the issues that have arisen. This includes suspending rankings and funding for the league, as well as suspending team coaches and players who were found to have intentionally lost games.

Moving forward, we will be expanding our ""viewpoint platform"" to ensure that the CBIA is as transparent and accountable as possible. We also want to reiterate our commitment to constructive development in the field of skill and focus, and to ensuring that our league is one that promotes fairness, integrity, and sportsmanship.

We thank our trade partners and fans for their ongoing support, and we will continue to update everyone as this situation develops further.","నమోదులు చేస్తున్నటువంటి కొన్ని సందర్భాల్లో తిండిబట్టి పిలుపును ప్రభావితం చేసిన చైనీస్ బాస్కెట్ అసోసియేషన్ సంబంధించి ఒక రైతుని ఆరెస్టు చేశారు. ఈ వ్యక్తి సంబంధంగా నా టింకరి లేకుండా నేను వివరాలు చెప్పరు, కానీ క్లీర్ గా మీరు తెలిపించడం వలన మేము లీగ్ లో ఏదైనా తప్పు చేసిన వాళ్ళెవరో దమనం చేసుకునేవారు.

మే 17 న Unr ప్రకటన లో ప్రకటించినవిగా, మేము ప్రస్తుతం ఏదైనా ప్రశ్నలను పరిహరించడానికి ప్రాముఖ్యత పెట్టిన ముఖ్య హంతాలు అందుబాటులోకి తీసుకున్నాము. దీనిలో లీగ్ కోసం ర్యాంకింగ్లను మరియు ఫండింగ్ లను నిలిపించాము, కానీ గెలవు కోసం ప్లాన్లను ఉద్దేశించి ఉన్న టీమ్ కోచ్ లను మరియు క్రికెట్ ఆడాలనుకున్న క్రికెట్ ఆడాలను సస్పెండ్ చేసాము.

ముందుకి వెళ్లండి, మేము లీగ్ నుంచి తీవ్రమైన ప్రతిష్ఠాన్ని మెరుగుపరచడానికి ""వ్యూపాయింట్ ప్లాట్‌ఫారం"" ను పెరవుపరిచేందుకు పెద్దగా పని చేయాలి. మరియు మా లీగ్ ని తోలుకునే, కేవలం న్యాయత్వం, నేత్తివేత్తనత, మరియు స్పోర్ట్స్‌మాన్‌షిప్ను ప్రచురం చేసే లీగ్ కావాలనుకుంటున్నాము.

ప్రశంసా సంబందిత పార్ట్నర్లు మరియు ఫ్యాన్లకు తమ ప్రారంభ మద్దతికి ధన్యవాదాలు. మేము దీని పై ముందుకు తరపున అప్‌డేట్ చేయాలి."
